WorkOrderGrantID,WorkOrderID,GrantID
1,1699,AD0001
2,1700,AD0002
3,1701,AD0003
4,1702,AD0004
5,1703,AD0005
6,1704,AD0006
7,1705,AD0007
8,1706,AD0008
9,1707,AD0009
10,1708,AD0010
11,1709,AD0011
12,1710,AD0012
13,1711,AD0013
14,1712,AD0014
15,1713,AD0015
16,1714,AD0016
17,1715,AD0017
18,1716,AD0018
19,1717,AD0019
20,1718,AD0020
21,1719,AD0021
22,1720,AD0022
23,1721,AD0023
24,1722,AD0024
25,1698,AD0025
26,2641,AD0026
27,2642,AD0027
28,2643,AD0028
29,2644,AD0029
31,2646,AD0031
32,1745,GF01206
33,1751,GF01207
34,1755,GF01208
35,1757,GF01209
36,1761,GF01210
37,1766,GF01211
38,1767,GF01212
39,1769,GF01213
40,1771,GF01214
41,1772,GF01215
42,1783,GF01216
43,1787,GF01217
44,1798,GF01218
45,1802,GF01219
46,2597,GF01220
47,2600,GF01221
48,2609,GF01222
49,2613,GF01223
50,2624,GF01224
51,2635,GF01225
52,2637,GF01226
53,2654,GF01227
54,2651,GF01228
55,2617,GR00991
56,2519,GR03701
57,2520,GR03701
58,2521,GR03701
59,2522,GR03702
60,2523,GR03702
61,2524,GR03702
62,2525,GR05282
63,2526,GR05283
64,2527,GR05284
65,2528,GR05285
66,2529,GR05286
67,2530,GR05287
68,2531,GR05288
69,2532,GR05289
70,2533,GR05290
71,2534,GR05291
72,2535,GR05292
73,2536,GR05293
74,2537,GR05294
75,2538,GR05295
76,2539,GR05296
77,2540,GR05297
78,2541,GR05298
79,2542,GR05299
80,2543,GR05300
81,2544,GR05301
82,2545,GR05302
83,2546,GR05303
84,2547,GR05304
85,2548,GR05305
86,2549,GR05306
87,2550,GR05307
88,2551,GR05308
89,2552,GR05309
90,2553,GR05310
91,2554,GR05311
92,2555,GR05312
93,2556,GR05313
94,2557,GR05314
95,2558,GR05315
96,2559,GR05316
97,2560,GR05317
98,2561,GR05318
99,2562,GR05319
100,2563,GR05320
101,2564,GR05321
102,2565,GR05322
103,2566,GR05323
104,2567,GR05324
105,2568,GR05325
106,2569,GR05326
107,2570,GR05327
108,2571,GR05328
109,2572,GR05329
110,2573,GR05330
111,2574,GR05331
112,2575,GR05332
113,2576,GR05333
114,2577,GR05334
115,2578,GR05335
116,2579,GR05336
117,2580,GR05337
118,2581,GR05338
119,2582,GR05339
120,2583,GR05340
121,2584,GR05341
122,2585,GR05342
123,2586,GR05343
124,2587,GR05344
125,2588,GR05345
126,2614,GR05345
127,2620,GR05345
128,2621,GR05345
129,2589,GR05346
130,2593,GR05346
131,2598,GR05346
132,2590,GR05347
133,2591,GR05347
134,2596,GR05500
135,2618,GR05503
136,2619,GR05503
137,2612,GR05734
138,2631,GR05734
139,2633,GR05734
140,2634,GR05734
141,2599,GR06346
142,2625,GR07406
143,2626,GR07406
144,2607,GR07436
145,2595,GR07439
146,2606,GR07440
147,2601,GR07441
148,2602,GR07441
149,2603,GR07441
150,2604,GR07441
151,2605,GR07441
152,2608,GR07441
153,2636,GR07629
154,2632,GR08685
155,2652,GR09297
156,2653,GR09297
157,1723,GR3172
158,1724,GR3173
159,1725,GR3174
160,1726,GR3175
161,1727,GR3176
162,1728,GR3177
163,1729,GR3178
164,1730,GR3179
165,1731,GR3180
166,1732,GR3181
167,1733,GR3182
168,1734,GR3183
169,1735,GR3184
170,1736,GR3185
171,1737,GR3186
172,1738,GR3187
173,1739,GR3188
174,1742,GR3189
175,1743,GR3190
176,1744,GR3191
177,1747,GR3192
178,1748,GR3193
179,1749,GR3194
180,1750,GR3195
181,1752,GR3196
182,1753,GR3197
183,1754,GR3198
184,1756,GR3199
185,1758,GR3200
186,1759,GR3201
187,1760,GR3202
188,1762,GR3203
189,1765,GR3204
190,1768,GR3205
191,1770,GR3206
192,1773,GR3207
193,1774,GR3208
194,1775,GR3209
195,1776,GR3210
196,1777,GR3211
197,1778,GR3212
198,1780,GR3213
199,1781,GR3214
200,1782,GR3215
201,1786,GR3216
202,1788,GR3217
203,1790,GR3218
204,1791,GR3219
205,1792,GR3220
206,1793,GR3221
207,1795,GR3222
208,1796,GR3223
209,1797,GR3224
210,1799,GR3225
211,1800,GR3226
212,1801,GR3227
213,1807,GR3228
214,1808,GR3229
215,1809,GR3230
216,1810,GR3231
217,1813,GR3232
218,1814,GR3233
219,1815,GR3234
220,1816,GR3235
221,1817,GR3236
222,1818,GR3237
223,1819,GR3238
224,1820,GR3239
225,1821,GR3240
226,1822,GR3241
227,1823,GR3242
228,1824,GR3243
229,1825,GR3244
230,1826,GR3245
231,1827,GR3246
232,1828,GR3247
233,1829,GR3248
234,1830,GR3249
235,1831,GR3250
236,1832,GR3251
237,1833,GR3252
238,1834,GR3253
239,1835,GR3254
240,1836,GR3255
241,1837,GR3256
242,1838,GR3257
243,1839,GR3258
244,1840,GR3259
245,1841,GR3260
246,1842,GR3261
247,1843,GR3262
248,1844,GR3263
249,1845,GR3264
250,1846,GR3265
251,1847,GR3266
252,1848,GR3267
253,1849,GR3268
254,1850,GR3269
255,1851,GR3270
256,1852,GR3271
257,1853,GR3272
258,1854,GR3273
259,1855,GR3274
260,1856,GR3275
261,1857,GR3276
262,1858,GR3277
263,1859,GR3278
264,1860,GR3279
265,1861,GR3280
266,1862,GR3281
267,1863,GR3282
268,1864,GR3283
269,1865,GR3284
270,1866,GR3285
271,1867,GR3286
272,1868,GR3287
273,1869,GR3288
274,1870,GR3289
275,1871,GR3290
276,1872,GR3291
277,1873,GR3292
278,1874,GR3293
279,1875,GR3294
280,1876,GR3295
281,1877,GR3296
282,1878,GR3297
283,1879,GR3298
284,1880,GR3299
285,1881,GR3300
286,1882,GR3301
287,1883,GR3302
288,1884,GR3303
289,1885,GR3304
290,1886,GR3305
291,1887,GR3306
292,1888,GR3307
293,1889,GR3308
294,1890,GR3309
295,1891,GR3310
296,1892,GR3311
297,1893,GR3312
298,1894,GR3313
299,1895,GR3314
300,1896,GR3315
301,1897,GR3316
302,1898,GR3317
303,1899,GR3318
304,1900,GR3319
305,1901,GR3320
306,1902,GR3321
307,1903,GR3322
308,1904,GR3323
309,1905,GR3324
310,1906,GR3325
311,1907,GR3326
312,1908,GR3327
313,1909,GR3328
314,1910,GR3329
315,1911,GR3330
316,1912,GR3331
317,1913,GR3332
318,1914,GR3333
319,1915,GR3334
320,1916,GR3335
321,1917,GR3336
322,1918,GR3337
323,1919,GR3338
324,1920,GR3339
325,1921,GR3340
326,1922,GR3341
327,1923,GR3342
328,1924,GR3343
329,1925,GR3344
330,1926,GR3345
331,1927,GR3346
332,1928,GR3347
333,1929,GR3348
334,1930,GR3349
335,1931,GR3350
336,1932,GR3351
337,1933,GR3352
338,1934,GR3353
339,1935,GR3354
340,1936,GR3355
341,1937,GR3356
342,1938,GR3357
343,1939,GR3358
344,1940,GR3359
345,1941,GR3360
346,1942,GR3361
347,1943,GR3362
348,1944,GR3363
349,1945,GR3364
350,1946,GR3365
351,1947,GR3366
352,1948,GR3367
353,1949,GR3368
354,1950,GR3369
355,1951,GR3370
356,1952,GR3371
357,1953,GR3372
358,1954,GR3373
359,1955,GR3374
360,1956,GR3375
361,1957,GR3376
362,1958,GR3377
363,1959,GR3378
364,1960,GR3379
365,1961,GR3380
366,1962,GR3381
367,1963,GR3382
368,1964,GR3383
369,1965,GR3384
370,1966,GR3385
371,1967,GR3386
372,1968,GR3387
373,1969,GR3388
374,1970,GR3389
375,1971,GR3390
376,1972,GR3391
377,1973,GR3392
378,1974,GR3393
379,1975,GR3394
380,1976,GR3395
381,1977,GR3396
382,1978,GR3397
383,1979,GR3398
384,1980,GR3399
385,1981,GR3400
386,1982,GR3401
387,1983,GR3402
388,1984,GR3403
389,1985,GR3404
390,1986,GR3405
391,1987,GR3406
392,1988,GR3407
393,1989,GR3408
394,1990,GR3409
395,1991,GR3410
396,1992,GR3411
397,1993,GR3412
398,1994,GR3413
399,1995,GR3414
400,1996,GR3415
401,1997,GR3416
402,1998,GR3417
403,1999,GR3418
404,2000,GR3419
405,2001,GR3420
406,2002,GR3421
407,2003,GR3422
408,2004,GR3423
409,2005,GR3424
410,2006,GR3425
411,2007,GR3426
412,2008,GR3427
413,2009,GR3428
414,2010,GR3429
415,2011,GR3430
416,2012,GR3431
417,2013,GR3432
418,2014,GR3433
419,2015,GR3434
420,2016,GR3435
421,2017,GR3436
422,2018,GR3437
423,2019,GR3438
424,2020,GR3439
425,2021,GR3440
426,2022,GR3441
427,2023,GR3442
428,2024,GR3443
429,2025,GR3444
430,2026,GR3445
431,2027,GR3446
432,2028,GR3447
433,2029,GR3448
434,2030,GR3449
435,2031,GR3450
436,2032,GR3451
437,2033,GR3452
438,2034,GR3453
439,2035,GR3454
440,2036,GR3455
441,2037,GR3456
442,2038,GR3457
443,2039,GR3458
444,2040,GR3459
445,2041,GR3460
446,2042,GR3461
447,2043,GR3462
448,2044,GR3463
449,2045,GR3464
450,2046,GR3465
451,2047,GR3466
452,2048,GR3467
453,2049,GR3468
454,2050,GR3469
455,2051,GR3470
456,2052,GR3471
457,2053,GR3472
458,2054,GR3473
459,2055,GR3474
460,2056,GR3475
461,2057,GR3476
462,2058,GR3477
463,2059,GR3478
464,2060,GR3479
465,2061,GR3480
466,2062,GR3481
467,2063,GR3482
468,2064,GR3483
469,2065,GR3484
470,2066,GR3485
471,2067,GR3486
472,2068,GR3487
473,2069,GR3488
474,2070,GR3489
475,2071,GR3490
476,2072,GR3491
477,2073,GR3492
478,2074,GR3493
479,2075,GR3494
480,2076,GR3495
481,2077,GR3496
482,2078,GR3497
483,2079,GR3498
484,2080,GR3499
485,2081,GR3500
486,2082,GR3501
487,2083,GR3502
488,2084,GR3503
489,2085,GR3504
490,2086,GR3505
491,2087,GR3506
492,2088,GR3507
493,2089,GR3508
494,2090,GR3509
495,2091,GR3510
496,2092,GR3511
497,2093,GR3512
498,2094,GR3513
499,2095,GR3514
500,2096,GR3515
501,2097,GR3516
502,2098,GR3517
503,2099,GR3518
504,2100,GR3519
505,2101,GR3520
506,2102,GR3521
507,2103,GR3522
508,2104,GR3523
509,2105,GR3524
510,2106,GR3525
511,2107,GR3526
512,2108,GR3527
513,2109,GR3528
514,2110,GR3529
515,2111,GR3530
516,2112,GR3531
517,2113,GR3532
518,2114,GR3533
519,2115,GR3534
520,2116,GR3535
521,2117,GR3536
522,2118,GR3537
523,2119,GR3538
524,2120,GR3539
525,2121,GR3540
526,2122,GR3541
527,2123,GR3542
528,2124,GR3543
529,2125,GR3544
530,2126,GR3545
531,2127,GR3546
532,2128,GR3547
533,2129,GR3548
534,2130,GR3549
535,2131,GR3550
536,2132,GR3551
537,2133,GR3552
538,2134,GR3553
539,2135,GR3554
540,2136,GR3555
541,2137,GR3556
542,2138,GR3557
543,2139,GR3558
544,2140,GR3559
545,2141,GR3560
546,2142,GR3561
547,2143,GR3562
548,2144,GR3563
549,2145,GR3564
550,2146,GR3565
551,2147,GR3566
552,2148,GR3567
553,2149,GR3568
554,2150,GR3569
555,2151,GR3570
556,2152,GR3571
557,2153,GR3572
558,2154,GR3573
559,2155,GR3574
560,2156,GR3575
561,2157,GR3576
562,2158,GR3577
563,2159,GR3578
564,2160,GR3579
565,2161,GR3580
566,2162,GR3581
567,2163,GR3582
568,2164,GR3583
569,2165,GR3584
570,2166,GR3585
571,2167,GR3586
572,2168,GR3587
573,2169,GR3588
574,2170,GR3589
575,2171,GR3590
576,2172,GR3591
577,2173,GR3592
578,2174,GR3593
579,2175,GR3594
580,2176,GR3595
581,2177,GR3596
582,2178,GR3597
583,2179,GR3598
584,2180,GR3599
585,2181,GR3599
586,2182,GR3599
587,2183,GR3599
588,2184,GR3599
589,2185,GR3599
590,2186,GR3599
591,2187,GR3599
592,2188,GR3599
593,2189,GR3599
594,2190,GR3599
595,2191,GR3600
596,2192,GR3600
597,2193,GR3600
598,2194,GR3600
599,2195,GR3600
600,2196,GR3601
601,2197,GR3602
602,2198,GR3603
603,2199,GR3604
604,2200,GR3605
605,2201,GR3606
606,2202,GR3607
607,2203,GR3608
608,2204,GR3609
609,2205,GR3610
610,2206,GR3611
611,2207,GR3612
612,2208,GR3613
613,2209,GR3614
614,2210,GR3615
615,2211,GR3616
616,2212,GR3617
617,2213,GR3618
618,2214,GR3619
619,2215,GR3620
620,2216,GR3621
621,2217,GR3622
622,2218,GR3622
623,2219,GR3622
624,2220,GR3622
625,2221,GR3622
626,2222,GR3622
627,2223,GR3622
628,2224,GR3622
629,2225,GR3623
630,2226,GR3623
631,2227,GR3623
632,2228,GR3623
633,2229,GR3624
634,2230,GR3624
635,2231,GR3624
636,2232,GR3624
637,2233,GR3624
638,2234,GR3625
639,2235,GR3625
640,2236,GR3625
641,2237,GR3625
642,2238,GR3625
643,2239,GR3625
644,2240,GR3625
645,2241,GR3625
646,2242,GR3625
647,2243,GR3625
648,2244,GR3625
649,2245,GR3625
650,2246,GR3625
651,2247,GR3625
652,2248,GR3625
653,2249,GR3626
654,2250,GR3626
655,2251,GR3626
656,2252,GR3626
657,2253,GR3626
658,2254,GR3626
659,2255,GR3627
660,2256,GR3628
661,2257,GR3629
662,2258,GR3629
663,2259,GR3629
664,2260,GR3629
665,2261,GR3629
666,2262,GR3629
667,2263,GR3629
668,2264,GR3630
669,2265,GR3631
670,2266,GR3632
671,2267,GR3633
672,2268,GR3634
673,2269,GR3635
674,2270,GR3636
675,2271,GR3637
676,2272,GR3638
677,2273,GR3639
678,2274,GR3640
679,2275,GR3641
680,2276,GR3642
681,2277,GR3643
682,2278,GR3644
683,2279,GR3645
684,2280,GR3646
685,2281,GR3647
686,2282,GR3647
687,2283,GR3647
688,2284,GR3647
689,2285,GR3647
690,2286,GR3648
691,2287,GR3648
692,2288,GR3648
693,2289,GR3648
694,2290,GR3648
695,2291,GR3648
696,2292,GR3648
697,2293,GR3649
698,2294,GR3649
699,2295,GR3649
700,2296,GR3649
701,2297,GR3649
702,2298,GR3649
703,2299,GR3649
704,2300,GR3649
705,2301,GR3649
706,2302,GR3650
707,2303,GR3650
708,2304,GR3650
709,2305,GR3650
710,2306,GR3651
711,2307,GR3651
712,2308,GR3651
713,2309,GR3651
714,2310,GR3652
715,2311,GR3652
716,2312,GR3652
717,2313,GR3653
718,2314,GR3653
719,2315,GR3653
720,2316,GR3653
721,2317,GR3654
722,2318,GR3654
723,2319,GR3654
724,2320,GR3654
725,2321,GR3654
726,2322,GR3654
727,2323,GR3655
728,2324,GR3655
729,2325,GR3655
730,2326,GR3655
731,2327,GR3655
732,2328,GR3655
733,2329,GR3655
734,2330,GR3655
735,2331,GR3655
736,2332,GR3655
737,2333,GR3655
738,2334,GR3655
739,2335,GR3655
740,2336,GR3655
741,2337,GR3655
742,2338,GR3655
743,2339,GR3656
744,2340,GR3656
745,2341,GR3656
746,2342,GR3656
747,2343,GR3656
748,2344,GR3656
749,2345,GR3657
750,2346,GR3657
751,2347,GR3658
752,2348,GR3659
753,2349,GR3660
754,2350,GR3661
755,2351,GR3661
756,2352,GR3661
757,2353,GR3661
758,2354,GR3661
759,2355,GR3661
760,2356,GR3661
761,2357,GR3662
762,2358,GR3662
763,2359,GR3662
764,2360,GR3662
765,2361,GR3662
766,2362,GR3662
767,2363,GR3662
768,2364,GR3662
769,2365,GR3662
770,2366,GR3662
771,2367,GR3662
772,2368,GR3662
773,2369,GR3663
774,2370,GR3663
775,2371,GR3663
776,2372,GR3664
777,2373,GR3664
778,2374,GR3664
779,2375,GR3664
780,2376,GR3665
781,2377,GR3665
782,2378,GR3665
783,2379,GR3666
784,2380,GR3666
785,2381,GR3666
786,2382,GR3666
787,2383,GR3667
788,2384,GR3667
789,2385,GR3667
790,2386,GR3667
791,2387,GR3668
792,2388,GR3668
793,2389,GR3668
794,2390,GR3668
795,2391,GR3668
796,2392,GR3668
797,2393,GR3668
798,2394,GR3669
799,2395,GR3669
800,2396,GR3669
801,2397,GR3669
802,2398,GR3669
803,2399,GR3669
804,2400,GR3669
805,2401,GR3669
806,2402,GR3669
807,2403,GR3669
808,2404,GR3669
809,2405,GR3669
810,2406,GR3669
811,2407,GR3669
812,2408,GR3670
813,2409,GR3670
814,2410,GR3670
815,2411,GR3670
816,2412,GR3671
817,2413,GR3671
818,2414,GR3671
819,2415,GR3672
820,2416,GR3672
821,2417,GR3673
822,2418,GR3673
823,2419,GR3673
824,2420,GR3673
825,2421,GR3673
826,2422,GR3674
827,2423,GR3674
828,2424,GR3674
829,2425,GR3674
830,2426,GR3675
831,2427,GR3675
832,2428,GR3675
833,2429,GR3675
834,2430,GR3675
835,2431,GR3675
836,2432,GR3675
837,2433,GR3675
838,2434,GR3675
839,2435,GR3676
840,2436,GR3676
841,2437,GR3676
842,2438,GR3676
843,2439,GR3677
844,2440,GR3677
845,2441,GR3677
846,2442,GR3677
847,2443,GR3677
848,2444,GR3677
849,2445,GR3677
850,2446,GR3677
851,2447,GR3677
852,2448,GR3678
853,2449,GR3679
854,2450,GR3680
855,2451,GR3680
856,2452,GR3681
857,2453,GR3681
858,2454,GR3681
859,2455,GR3681
860,2456,GR3682
861,2457,GR3682
862,2458,GR3682
863,2459,GR3682
864,2460,GR3682
865,2461,GR3682
866,2462,GR3682
867,2463,GR3682
868,2464,GR3682
869,2465,GR3683
870,2466,GR3684
871,2467,GR3684
872,2468,GR3685
873,2469,GR3685
874,2470,GR3685
875,2471,GR3685
876,2472,GR3686
877,2473,GR3686
878,2474,GR3687
879,2475,GR3687
880,2476,GR3687
881,2477,GR3687
882,2478,GR3688
883,2479,GR3688
884,2480,GR3688
885,2481,GR3688
886,2482,GR3688
887,2483,GR3688
888,2484,GR3688
889,2485,GR3689
890,2486,GR3689
891,2487,GR3689
892,2488,GR3690
893,2489,GR3691
894,2490,GR3692
895,2491,GR3692
896,2492,GR3693
897,2493,GR3693
898,2494,GR3693
899,2495,GR3694
900,2496,GR3694
901,2497,GR3694
902,2498,GR3694
903,2499,GR3694
904,2500,GR3694
905,2501,GR3694
906,2502,GR3695
907,2503,GR3695
908,2504,GR3695
909,2505,GR3695
910,2506,GR3695
911,2507,GR3696
912,2508,GR3696
913,2509,GR3697
914,2510,GR3698
915,2511,GR3698
916,2512,GR3698
917,2513,Gr3699
918,2514,Gr3699
919,2515,Gr3699
920,2516,GR3700
921,2517,GR3700
922,2518,GR3700
923,2615,PG01107
924,2649,PG03968
925,2616,PG05750
926,2623,PG05750
927,2630,PG05750
928,2611,PG06066
929,2627,PG06767
930,2628,PG06767
931,2629,PG06767
932,2638,PG06767
933,1740,PG0800
934,1741,PG0801
935,1746,PG0802
936,1763,PG0803
937,1764,PG0804
938,1779,PG0805
939,1784,PG0806
940,1785,PG0807
941,1789,PG0808
942,1794,PG0809
943,1803,PG0810
944,1804,PG0811
945,1805,PG0812
946,1806,PG0813
947,1811,PG0814
948,1812,PG0815
949,2594,PG0816
950,2610,PG0817
951,2639,PG0818
952,2647,PG0820
953,2648,PG0821
954,2592,PG10749
955,2622,PG11021
